coach_id,name,specialty,email
coach-001,Brandon Wilson,Nutrition,austinlawrence@example.com
coach-002,Lance Jackson,General Fitness,joneskaren@example.net
coach-003,Bruce Harrison,General Fitness,william62@example.org
coach-004,Andre Rice,Cardio,dean88@example.com
coach-005,Kelly Castillo,General Fitness,brianunderwood@example.org
coach-006,Cheryl Ferguson,Cardio,vwilliams@example.org
coach-007,Randy Hensley,Cardio,dianaramos@example.com
coach-008,Todd Cantu,Weight Loss,sreeves@example.org
coach-009,Mr. Ryan Byrd,Strength,rogersmaria@example.org
coach-010,Pamela Barnes,General Fitness,jenniferscott@example.com
coach-011,Marc Mora,Cardio,itaylor@example.org
coach-012,Mark Davis,Yoga,ingrambilly@example.org
coach-013,Destiny Bullock,General Fitness,annwebb@example.org
coach-014,Peter Greene,Cardio,alexanderjohnson@example.org
coach-015,Jennifer Moore,Cardio,wtaylor@example.net
coach-016,Bryan Luna,General Fitness,dianahayden@example.org
coach-017,Jeffrey Matthews,General Fitness,edwardsdenise@example.com
coach-018,Nancy Smith,Strength,sarah30@example.org
coach-019,Joseph Stark,Yoga,jose03@example.com
coach-020,Ronald Palmer,General Fitness,bellkathy@example.org
coach-021,Claudia Woodward,Weight Loss,rowesarah@example.net
coach-022,Grace Dunn,Nutrition,reedmatthew@example.com
coach-023,Nicole Parker,Weight Loss,wilcoxamber@example.com
coach-024,Judith Hanna,Nutrition,martinezcatherine@example.net
coach-025,Tyler Chase,Cardio,clarkashley@example.org
coach-026,Joseph Sanchez,Yoga,fitzgeraldbrad@example.org
coach-027,Paul Newman,Yoga,marclee@example.com
coach-028,Erin Mcpherson,General Fitness,vanessa21@example.com
coach-029,David Scott,Weight Loss,kaneryan@example.org
coach-030,Jeff Clay,Cardio,sarahsanchez@example.org
coach-031,Katherine Potts MD,Cardio,nicholas59@example.com
coach-032,David Gilbert,Nutrition,srivera@example.org
coach-033,Belinda Cook,Nutrition,milestimothy@example.org
coach-034,David Harris,Cardio,anthonyking@example.net
coach-035,Nichole Cook,Nutrition,flucas@example.org
coach-036,Deanna Knight,General Fitness,arodriguez@example.com
coach-037,Jesse Harrison,Nutrition,vgutierrez@example.org
coach-038,Timothy Wright,General Fitness,umarks@example.com
coach-039,Clinton Robinson,General Fitness,clarkcathy@example.com
coach-040,Brandy West,Nutrition,gibsonkelly@example.com
coach-041,Jeremiah Henry,Cardio,otownsend@example.com
coach-042,Tamara Hawkins,Strength,boyeramy@example.org
coach-043,James Heath,Cardio,theresa71@example.net
coach-044,Jennifer Thompson,Cardio,robert94@example.net
coach-045,Caitlyn Moreno,Nutrition,thomas66@example.net
coach-046,Troy Hernandez,General Fitness,irwindavid@example.org
coach-047,Jonathan Murphy,Nutrition,lcurry@example.com
coach-048,Susan Tyler,Cardio,wcosta@example.net
coach-049,Angela Nicholson,Strength,ramoskent@example.com
coach-050,Stephen Rodriguez,Weight Loss,aaron61@example.com
