user_id,coach_id
user-0001,coach-013
user-0002,coach-002
user-0003,coach-026
user-0004,coach-038
user-0005,coach-015
user-0006,coach-040
user-0007,coach-004
user-0008,coach-014
user-0009,coach-022
user-0010,coach-016
user-0011,coach-043
user-0012,coach-024
user-0013,coach-002
user-0014,coach-036
user-0015,coach-016
user-0016,coach-018
user-0017,coach-027
user-0018,coach-039
user-0019,coach-021
user-0020,coach-041
user-0021,coach-001
user-0022,coach-036
user-0023,coach-044
user-0024,coach-031
user-0025,coach-049
user-0026,coach-009
user-0027,coach-013
user-0028,coach-014
user-0029,coach-027
user-0030,coach-037
user-0031,coach-050
user-0032,coach-007
user-0033,coach-045
user-0034,coach-041
user-0035,coach-009
user-0036,coach-045
user-0037,coach-012
user-0038,coach-008
user-0039,coach-009
user-0040,coach-034
user-0041,coach-013
user-0042,coach-026
user-0043,coach-035
user-0044,coach-044
user-0045,coach-050
user-0046,coach-010
user-0047,coach-041
user-0048,coach-029
user-0049,coach-039
user-0050,coach-004
user-0051,coach-017
user-0052,coach-003
user-0053,coach-042
user-0054,coach-033
user-0055,coach-032
user-0056,coach-033
user-0057,coach-012
user-0058,coach-043
user-0059,coach-021
user-0060,coach-030
user-0061,coach-013
user-0062,coach-050
user-0063,coach-014
user-0064,coach-011
user-0065,coach-017
user-0066,coach-044
user-0067,coach-023
user-0068,coach-035
user-0069,coach-004
user-0070,coach-045
user-0071,coach-014
user-0072,coach-045
user-0073,coach-031
user-0074,coach-017
user-0075,coach-030
user-0076,coach-027
user-0077,coach-018
user-0078,coach-039
user-0079,coach-017
user-0080,coach-022
user-0081,coach-011
user-0082,coach-049
user-0083,coach-015
user-0084,coach-038
user-0085,coach-032
user-0086,coach-037
user-0087,coach-002
user-0088,coach-047
user-0089,coach-032
user-0090,coach-033
user-0091,coach-043
user-0092,coach-039
user-0093,coach-019
user-0094,coach-018
user-0095,coach-008
user-0096,coach-016
user-0097,coach-021
user-0098,coach-010
user-0099,coach-031
user-0100,coach-026
user-0101,coach-009
user-0102,coach-046
user-0103,coach-042
user-0104,coach-008
user-0105,coach-019
user-0106,coach-041
user-0107,coach-021
user-0108,coach-020
user-0109,coach-041
user-0110,coach-020
user-0111,coach-046
user-0112,coach-021
user-0113,coach-015
user-0114,coach-023
user-0115,coach-006
user-0116,coach-035
user-0117,coach-046
user-0118,coach-038
user-0119,coach-040
user-0120,coach-001
user-0121,coach-021
user-0122,coach-012
user-0123,coach-037
user-0124,coach-018
user-0125,coach-034
user-0126,coach-025
user-0127,coach-002
user-0128,coach-019
user-0129,coach-040
user-0130,coach-032
user-0131,coach-024
user-0132,coach-021
user-0133,coach-018
user-0134,coach-035
user-0135,coach-023
user-0136,coach-008
user-0137,coach-047
user-0138,coach-046
user-0139,coach-045
user-0140,coach-003
user-0141,coach-006
user-0142,coach-013
user-0143,coach-027
user-0144,coach-002
user-0145,coach-049
user-0146,coach-033
user-0147,coach-018
user-0148,coach-049
user-0149,coach-023
user-0150,coach-027
user-0151,coach-012
user-0152,coach-041
user-0153,coach-021
user-0154,coach-029
user-0155,coach-040
user-0156,coach-030
user-0157,coach-044
user-0158,coach-031
user-0159,coach-008
user-0160,coach-040
user-0161,coach-050
user-0162,coach-001
user-0163,coach-007
user-0164,coach-011
user-0165,coach-040
user-0166,coach-019
user-0167,coach-042
user-0168,coach-038
user-0169,coach-023
user-0170,coach-011
user-0171,coach-049
user-0172,coach-009
user-0173,coach-003
user-0174,coach-034
user-0175,coach-017
user-0176,coach-033
user-0177,coach-013
user-0178,coach-003
user-0179,coach-001
user-0180,coach-025
user-0181,coach-048
user-0182,coach-022
user-0183,coach-034
user-0184,coach-011
user-0185,coach-037
user-0186,coach-012
user-0187,coach-015
user-0188,coach-003
user-0189,coach-050
user-0190,coach-044
user-0191,coach-035
user-0192,coach-015
user-0193,coach-002
user-0194,coach-046
user-0195,coach-042
user-0196,coach-034
user-0197,coach-027
user-0198,coach-031
user-0199,coach-050
user-0200,coach-033
user-0201,coach-024
user-0202,coach-048
user-0203,coach-046
user-0204,coach-040
user-0205,coach-001
user-0206,coach-017
user-0207,coach-030
user-0208,coach-031
user-0209,coach-006
user-0210,coach-004
user-0211,coach-022
user-0212,coach-026
user-0213,coach-002
user-0214,coach-008
user-0215,coach-045
user-0216,coach-048
user-0217,coach-025
user-0218,coach-035
user-0219,coach-010
user-0220,coach-032
user-0221,coach-031
user-0222,coach-049
user-0223,coach-003
user-0224,coach-010
user-0225,coach-008
user-0226,coach-049
user-0227,coach-039
user-0228,coach-018
user-0229,coach-015
user-0230,coach-014
user-0231,coach-032
user-0232,coach-007
user-0233,coach-034
user-0234,coach-036
user-0235,coach-003
user-0236,coach-007
user-0237,coach-008
user-0238,coach-018
user-0239,coach-028
user-0240,coach-041
user-0241,coach-022
user-0242,coach-005
user-0243,coach-048
user-0244,coach-050
user-0245,coach-048
user-0246,coach-047
user-0247,coach-008
user-0248,coach-042
user-0249,coach-022
user-0250,coach-046
user-0251,coach-013
user-0252,coach-021
user-0253,coach-022
user-0254,coach-034
user-0255,coach-005
user-0256,coach-046
user-0257,coach-026
user-0258,coach-012
user-0259,coach-030
user-0260,coach-023
user-0261,coach-023
user-0262,coach-003
user-0263,coach-049
user-0264,coach-004
user-0265,coach-014
user-0266,coach-013
user-0267,coach-042
user-0268,coach-039
user-0269,coach-032
user-0270,coach-005
user-0271,coach-009
user-0272,coach-005
user-0273,coach-035
user-0274,coach-031
user-0275,coach-020
user-0276,coach-041
user-0277,coach-012
user-0278,coach-037
user-0279,coach-024
user-0280,coach-003
user-0281,coach-047
user-0282,coach-050
user-0283,coach-003
user-0284,coach-009
user-0285,coach-033
user-0286,coach-008
user-0287,coach-038
user-0288,coach-050
user-0289,coach-011
user-0290,coach-028
user-0291,coach-039
user-0292,coach-044
user-0293,coach-030
user-0294,coach-036
user-0295,coach-031
user-0296,coach-016
user-0297,coach-024
user-0298,coach-004
user-0299,coach-004
user-0300,coach-016
user-0301,coach-034
user-0302,coach-034
user-0303,coach-047
user-0304,coach-045
user-0305,coach-007
user-0306,coach-007
user-0307,coach-001
user-0308,coach-025
user-0309,coach-007
user-0310,coach-001
user-0311,coach-046
user-0312,coach-045
user-0313,coach-027
user-0314,coach-040
user-0315,coach-048
user-0316,coach-005
user-0317,coach-004
user-0318,coach-024
user-0319,coach-004
user-0320,coach-016
user-0321,coach-019
user-0322,coach-028
user-0323,coach-043
user-0324,coach-004
user-0325,coach-022
user-0326,coach-016
user-0327,coach-031
user-0328,coach-008
user-0329,coach-014
user-0330,coach-015
user-0331,coach-049
user-0332,coach-026
user-0333,coach-048
user-0334,coach-020
user-0335,coach-022
user-0336,coach-027
user-0337,coach-050
user-0338,coach-010
user-0339,coach-011
user-0340,coach-027
user-0341,coach-048
user-0342,coach-039
user-0343,coach-019
user-0344,coach-024
user-0345,coach-014
user-0346,coach-023
user-0347,coach-025
user-0348,coach-035
user-0349,coach-015
user-0350,coach-002
user-0351,coach-029
user-0352,coach-017
user-0353,coach-050
user-0354,coach-046
user-0355,coach-015
user-0356,coach-039
user-0357,coach-040
user-0358,coach-036
user-0359,coach-016
user-0360,coach-004
user-0361,coach-028
user-0362,coach-012
user-0363,coach-002
user-0364,coach-040
user-0365,coach-040
user-0366,coach-008
user-0367,coach-018
user-0368,coach-044
user-0369,coach-050
user-0370,coach-016
user-0371,coach-031
user-0372,coach-022
user-0373,coach-029
user-0374,coach-017
user-0375,coach-012
user-0376,coach-048
user-0377,coach-009
user-0378,coach-047
user-0379,coach-048
user-0380,coach-019
user-0381,coach-030
user-0382,coach-050
user-0383,coach-026
user-0384,coach-011
user-0385,coach-022
user-0386,coach-031
user-0387,coach-014
user-0388,coach-018
user-0389,coach-043
user-0390,coach-031
user-0391,coach-043
user-0392,coach-025
user-0393,coach-025
user-0394,coach-030
user-0395,coach-035
user-0396,coach-048
user-0397,coach-013
user-0398,coach-021
user-0399,coach-014
user-0400,coach-020
